run_index,domain,scene,threshold,seed,max_step,max_belief_particles,log_dir
1,wastesorting,07,0.8,3447551228,90,800,experiments_logs/system_log/wastesorting/scene_07/scale_ours_step90
1,wastesorting,07,0.8,371730773,90,800,experiments_logs/system_log/wastesorting/scene_07/scale_ours_step90
1,wastesorting,07,0.8,4172195861,90,800,experiments_logs/system_log/wastesorting/scene_07/scale_ours_step90
1,wastesorting,07,0.8,2431852039,90,800,experiments_logs/system_log/wastesorting/scene_07/scale_ours_step90
1,wastesorting,07,0.8,2189240288,90,800,experiments_logs/system_log/wastesorting/scene_07/scale_ours_step90
1,wastesorting,07,0.8,66231159,90,800,experiments_logs/system_log/wastesorting/scene_07/scale_ours_step90
1,wastesorting,07,0.8,3040313347,90,800,experiments_logs/system_log/wastesorting/scene_07/scale_ours_step90
1,wastesorting,07,0.8,702435389,90,800,experiments_logs/system_log/wastesorting/scene_07/scale_ours_step90
1,wastesorting,07,0.8,2446252427,90,800,experiments_logs/system_log/wastesorting/scene_07/scale_ours_step90
1,wastesorting,07,0.8,2191674039,90,800,experiments_logs/system_log/wastesorting/scene_07/scale_ours_step90
1,wastesorting,07,0.8,3635851323,90,800,experiments_logs/system_log/wastesorting/scene_07/scale_ours_step90
1,wastesorting,07,0.8,2879961291,90,800,experiments_logs/system_log/wastesorting/scene_07/scale_ours_step90
1,wastesorting,07,0.8,2248748864,90,800,experiments_logs/system_log/wastesorting/scene_07/scale_ours_step90
1,wastesorting,07,0.8,1376885703,90,800,experiments_logs/system_log/wastesorting/scene_07/scale_ours_step90
1,wastesorting,07,0.8,2009467410,90,800,experiments_logs/system_log/wastesorting/scene_07/scale_ours_step90
1,wastesorting,07,0.8,2589722209,90,800,experiments_logs/system_log/wastesorting/scene_07/scale_ours_step90
1,wastesorting,07,0.8,931478607,90,800,experiments_logs/system_log/wastesorting/scene_07/scale_ours_step90
1,wastesorting,07,0.8,967212942,90,800,experiments_logs/system_log/wastesorting/scene_07/scale_ours_step90
1,wastesorting,07,0.8,3604685653,90,800,experiments_logs/system_log/wastesorting/scene_07/scale_ours_step90
1,wastesorting,07,0.8,217210815,90,800,experiments_logs/system_log/wastesorting/scene_07/scale_ours_step90
1,wastesorting,07,0.8,526762282,90,800,experiments_logs/system_log/wastesorting/scene_07/scale_ours_step90
1,wastesorting,07,0.8,3228676274,90,800,experiments_logs/system_log/wastesorting/scene_07/scale_ours_step90
1,wastesorting,07,0.8,1640835472,90,800,experiments_logs/system_log/wastesorting/scene_07/scale_ours_step90
1,wastesorting,07,0.8,3508572452,90,800,experiments_logs/system_log/wastesorting/scene_07/scale_ours_step90
1,wastesorting,07,0.8,3356370064,90,800,experiments_logs/system_log/wastesorting/scene_07/scale_ours_step90
1,wastesorting,07,0.8,3306362863,90,800,experiments_logs/system_log/wastesorting/scene_07/scale_ours_step90
1,wastesorting,07,0.8,148637956,90,800,experiments_logs/system_log/wastesorting/scene_07/scale_ours_step90
1,wastesorting,07,0.8,3945853369,90,800,experiments_logs/system_log/wastesorting/scene_07/scale_ours_step90
1,wastesorting,07,0.8,1585536404,90,800,experiments_logs/system_log/wastesorting/scene_07/scale_ours_step90
1,wastesorting,07,0.8,3942645615,90,800,experiments_logs/system_log/wastesorting/scene_07/scale_ours_step90
1,wastesorting,07,0.8,3055561962,90,800,experiments_logs/system_log/wastesorting/scene_07/scale_ours_step90
1,wastesorting,07,0.8,2425285973,90,800,experiments_logs/system_log/wastesorting/scene_07/scale_ours_step90
1,wastesorting,07,0.8,3890731317,90,800,experiments_logs/system_log/wastesorting/scene_07/scale_ours_step90
1,wastesorting,07,0.8,2219664244,90,800,experiments_logs/system_log/wastesorting/scene_07/scale_ours_step90
1,wastesorting,07,0.8,2455829114,90,800,experiments_logs/system_log/wastesorting/scene_07/scale_ours_step90
1,wastesorting,07,0.8,445275870,90,800,experiments_logs/system_log/wastesorting/scene_07/scale_ours_step90
1,wastesorting,07,0.8,3903390913,90,800,experiments_logs/system_log/wastesorting/scene_07/scale_ours_step90
1,wastesorting,07,0.8,1170375576,90,800,experiments_logs/system_log/wastesorting/scene_07/scale_ours_step90
1,wastesorting,07,0.8,1165114220,90,800,experiments_logs/system_log/wastesorting/scene_07/scale_ours_step90
1,wastesorting,07,0.8,3583989895,90,800,experiments_logs/system_log/wastesorting/scene_07/scale_ours_step90
